{
  "offset": 28670.521106230153,
  "slope": 2258.437006939386
}